id;sample_id;emp_grp_no;full_name_ar;full_name_en;nat_ar;nat_en;jhi_uid;emirates_id;exhibit;gender;date_of_birth;batch_date;collection_date;sample_notes;add_by;add_date;update_by;update_date;attachment;attachment_content_type
1;27841;63926;Small;overriding port productize;Lebanese invoice;Berkshire SCSI;Proactive copying;Cotton Planner Phased;Bulgaria eyeballs Massachusetts;backing invoice standardization;2022-02-15;2022-02-16;2022-02-15;connect Soft payment;48897;2022-02-15;27415;2022-02-15;../fake-data/blob/hipster.png;image/png
2;30397;50166;Books Station attitude;Oval Future Buckinghamshire;hack intermediate;Tasty Faroe frame;Rubber portal;Handcrafted port;generation;turquoise compress;2022-02-16;2022-02-15;2022-02-15;Louisiana Borders;1671;2022-02-15;8794;2022-02-15;../fake-data/blob/hipster.png;image/png
3;96565;48471;invoice wireless Samoa;network Sausages mobile;contingency hacking B2C;Dynamic invoice;Louisiana;withdrawal radical;Data Clothing;Ergonomic Soap;2022-02-15;2022-02-15;2022-02-15;Valley protocol Unbranded;63415;2022-02-16;61555;2022-02-15;../fake-data/blob/hipster.png;image/png
4;19879;44270;system overriding Chair;web-readiness Marketing Dollar;XML Intelligent firewall;algorithm invoice Jewelery;state;Pound Tennessee technologies;transmitting Investor Alley;Investment ability;2022-02-16;2022-02-16;2022-02-16;projection sexy indexing;48887;2022-02-15;37599;2022-02-16;../fake-data/blob/hipster.png;image/png
5;89349;89224;logistical;bypassing administration Central;hacking Forward scalable;Rubber Customer initiatives;matrix Implemented Representative;asymmetric Horizontal;Incredible;Chilean;2022-02-16;2022-02-15;2022-02-16;Unbranded;44474;2022-02-16;88735;2022-02-15;../fake-data/blob/hipster.png;image/png
6;31243;71273;Gourde Wooden;invoice;Steel Account;haptic SMS Mission;Account Representative;Cheese Ergonomic Customer-focused;contingency National Credit;hard asynchronous channels;2022-02-16;2022-02-15;2022-02-16;Money non-volatile;21983;2022-02-16;18935;2022-02-15;../fake-data/blob/hipster.png;image/png
7;57042;3704;Paraguay;Ville iterate Borders;Global Garden Berkshire;payment 4th;Towels Plaza IB;Sleek cyan niches;mobile;Steel Direct;2022-02-16;2022-02-16;2022-02-16;fault-tolerant;6402;2022-02-15;58225;2022-02-15;../fake-data/blob/hipster.png;image/png
8;592;88958;Stream Analyst;5th Cuba Account;capacitor;RAM Alaska Prairie;zero Metal;expedite Clothing withdrawal;quantify Shoes;Grove Islands Branding;2022-02-16;2022-02-16;2022-02-15;Borders Compatible Table;99213;2022-02-15;26565;2022-02-16;../fake-data/blob/hipster.png;image/png
9;53241;96653;Dynamic reboot facilitate;Bike core;grow;Idaho capacity;Personal;Human Fresh Implementation;intuitive Loan;harness;2022-02-15;2022-02-16;2022-02-16;synergies;13408;2022-02-16;75235;2022-02-15;../fake-data/blob/hipster.png;image/png
10;36143;2884;Ramp Court;withdrawal Awesome;Savings Object-based;Taka parse overriding;Metrics;Lead;Inverse;Home;2022-02-16;2022-02-15;2022-02-16;SQL Pizza Concrete;34315;2022-02-16;26977;2022-02-16;../fake-data/blob/hipster.png;image/png
